<?xml version="1.0" encoding="UTF-8"?>

<!-- 
 * PopulateDatabase.xml
 *
 * Copyright (C) 2014 Universidad de Sevilla
 * 
 * The use of this project is hereby constrained to the conditions of the 
 * TDG Licence, a copy of which you may download from 
 * http://www.tdg-seville.info/License.html
 -->

<beans xmlns="http://www.springframework.org/schema/beans"
	xmlns:xsi="http://www.w3.org/2001/XMLSchema-instance"
	xsi:schemaLocation="
		http://www.springframework.org/schema/beans http://www.springframework.org/schema/beans/spring-beans.xsd
	">
	
	<!-- User accounts -->

	<bean id="userAccount1" class="security.UserAccount">
		<property name="username" value="admin" />
		<property name="password" value="21232f297a57a5a743894a0e4a801fc3" />
		<property name="authorities">
			<list>
				<bean class="security.Authority">
					<property name="authority" value="ADMIN" />
				</bean>
			</list>
		</property>
	</bean>

	<bean id="userAccount2" class="security.UserAccount">
		<property name="username" value="customer" />
		<property name="password" value="91ec1f9324753048c0096d036a694f86" />
		<property name="authorities">
			<list>
				<bean class="security.Authority">
					<property name="authority" value="CUSTOMER" />
				</bean>
			</list>
		</property>
	</bean>

	<bean id="userAccount3" class="security.UserAccount">
		<property name="username" value="super" />
		<property name="password" value="1b3231655cebb7a1f783eddf27d254ca" />
		<property name="authorities">
			<list>
				<bean class="security.Authority">
					<property name="authority" value="ADMIN" />
				</bean>
				<bean class="security.Authority">
					<property name="authority" value="CUSTOMER" />
				</bean>
			</list>
		</property>
	</bean>
	
	<!-- Other domain beans come here -->	
	
	<bean id="user1" class="domain.User">
		
		<property name="name" value="nombre"/>
		<property name="surname" value="surname"/>
		<property name="email" value="caballeroalba@gmail.com"/>
		<property name="location" value="sevilla"/>
		<property name="userAccount" ref="userAccount2" />
		<property name="banned" value="false"/>
		<property name="numberOfMessages" value="0"/>
		<property name="url" value="www.google.es"/>
		<property name="threads">
		<list>
		
		
		</list>
		
		
		</property>
		
		<property name="comments">
		<list>
		
		
		</list>
		
		
		</property>

	</bean>
	
	
	<bean id="thread1" class="domain.Hilo">
	<property name="user" ref="user1"></property>
	<property name="creationMoment" value="11/11/2004 12:12"></property>
	<property name="title" value="titulo"></property>
	<property name="text" value="text"></property>
	<property name="comments">
	
	<list>
	
	
	</list>
	</property>
	
	
	</bean>
	
	
	
	
	
	
	
	
</beans>